8,Lesly,Agreda,Lesly@email.com,989898989
9,Lesly,Agreda,Lesly@email.com,989898989
10,Jaime,Rios,Lesly@email.com,989898989
11,Jaime,Rios,Jaime@email.com,989898989
12,Juan,Calvo,Juan@email.com,989898989
13,Juan,Calvo,Juan@email.com,989898989
14,Carlos,Morales,Carlos@email.com,989898989
15,Lesly,Agreda,Lesly@email.com,989898989
16,Lesly,Agreda,Lesly@email.com,989898989
17,Jaime,Rios,Lesly@email.com,989898989
18,Jaime,Rios,Jaime@email.com,989898989
19,Juan,Calvo,Juan@email.com,989898989
20,Juan,Calvo,Juan@email.com,989898989
21,Carlos,Morales,Carlos@email.com,989898989
22,Lesly,Agreda,Lesly@email.com,989898989
23,Lesly,Agreda,Lesly@email.com,989898989
24,Jaime,Rios,Lesly@email.com,989898989
25,Jaime,Rios,Jaime@email.com,989898989
26,Juan,Calvo,Juan@email.com,989898989
27,Juan,Calvo,Juan@email.com,989898989
28,Carlos,Morales,Carlos@email.com,989898989
29,Lesly,Agreda,Lesly@email.com,989898989
30,Lesly,Agreda,Lesly@email.com,989898989
31,Jaime,Rios,Lesly@email.com,989898989
32,Jaime,Rios,Jaime@email.com,989898989
33,Juan,Calvo,Juan@email.com,989898989
34,Juan,Calvo,Juan@email.com,989898989
35,Carlos,Morales,Carlos@email.com,989898989
36,Lesly,Agreda,Lesly@email.com,989898989
37,Lesly,Agreda,Lesly@email.com,989898989
38,Jaime,Rios,Lesly@email.com,989898989
39,Jaime,Rios,Jaime@email.com,989898989
40,Juan,Calvo,Juan@email.com,989898989
41,Juan,Calvo,Juan@email.com,989898989
42,Carlos,Morales,Carlos@email.com,989898989
43,Lesly,Agreda,Lesly@email.com,989898989
44,Lesly,Agreda,Lesly@email.com,989898989
45,Jaime,Rios,Lesly@email.com,989898989
46,Jaime,Rios,Jaime@email.com,989898989
47,Juan,Calvo,Juan@email.com,989898989
48,Juan,Calvo,Juan@email.com,989898989
49,Carlos,Morales,Carlos@email.com,989898989
50,Lesly,Agreda,Lesly@email.com,989898989
51,Lesly,Agreda,Lesly@email.com,989898989
52,Jaime,Rios,Lesly@email.com,989898989
53,Jaime,Rios,Jaime@email.com,989898989
54,Juan,Calvo,Juan@email.com,989898989
55,Juan,Calvo,Juan@email.com,989898989
56,Carlos,Morales,Carlos@email.com,989898989
57,Lesly,Agreda,Lesly@email.com,989898989
58,Lesly,Agreda,Lesly@email.com,989898989
59,Jaime,Rios,Lesly@email.com,989898989
60,Jaime,Rios,Jaime@email.com,989898989
61,Juan,Calvo,Juan@email.com,989898989
62,Juan,Calvo,Juan@email.com,989898989
63,Carlos,Morales,Carlos@email.com,989898989
64,Lesly,Agreda,Lesly@email.com,989898989
65,Lesly,Agreda,Lesly@email.com,989898989
66,Jaime,Rios,Lesly@email.com,989898989
67,Jaime,Rios,Jaime@email.com,989898989
68,Juan,Calvo,Juan@email.com,989898989
69,Juan,Calvo,Juan@email.com,989898989
70,Carlos,Morales,Carlos@email.com,989898989
71,Lesly,Agreda,Lesly@email.com,989898989
72,Lesly,Agreda,Lesly@email.com,989898989
73,Jaime,Rios,Lesly@email.com,989898989
74,Jaime,Rios,Jaime@email.com,989898989
75,Juan,Calvo,Juan@email.com,989898989
76,Juan,Calvo,Juan@email.com,989898989
77,Carlos,Morales,Carlos@email.com,989898989
78,Lesly,Agreda,Lesly@email.com,989898989
79,Lesly,Agreda,Lesly@email.com,989898989
80,Jaime,Rios,Lesly@email.com,989898989
81,Jaime,Rios,Jaime@email.com,989898989
82,Juan,Calvo,Juan@email.com,989898989
83,Juan,Calvo,Juan@email.com,989898989
84,Carlos,Morales,Carlos@email.com,989898989
85,Lesly,Agreda,Lesly@email.com,989898989
86,Lesly,Agreda,Lesly@email.com,989898989
87,Jaime,Rios,Lesly@email.com,989898989
88,Jaime,Rios,Jaime@email.com,989898989
89,Juan,Calvo,Juan@email.com,989898989
90,Juan,Calvo,Juan@email.com,989898989
91,Carlos,Morales,Carlos@email.com,989898989
92,Lesly,Agreda,Lesly@email.com,989898989
93,Lesly,Agreda,Lesly@email.com,989898989
94,Jaime,Rios,Lesly@email.com,989898989
95,Jaime,Rios,Jaime@email.com,989898989
96,Juan,Calvo,Juan@email.com,989898989
97,Juan,Calvo,Juan@email.com,989898989
98,Carlos,Morales,Carlos@email.com,989898989
99,Lesly,Agreda,Lesly@email.com,989898989
100,Lesly,Agreda,Lesly@email.com,989898989
101,Jaime,Rios,Lesly@email.com,989898989
102,Jaime,Rios,Jaime@email.com,989898989
103,Juan,Calvo,Juan@email.com,989898989
104,Juan,Calvo,Juan@email.com,989898989
105,Carlos,Morales,Carlos@email.com,989898989
106,Lesly,Agreda,Lesly@email.com,989898989
107,Lesly,Agreda,Lesly@email.com,989898989
108,Jaime,Rios,Lesly@email.com,989898989
109,Jaime,Rios,Jaime@email.com,989898989
110,Juan,Calvo,Juan@email.com,989898989
111,Juan,Calvo,Juan@email.com,989898989
112,Carlos,Morales,Carlos@email.com,989898989
113,Lesly,Agreda,Lesly@email.com,989898989
114,Lesly,Agreda,Lesly@email.com,989898989
115,Jaime,Rios,Lesly@email.com,989898989
116,Jaime,Rios,Jaime@email.com,989898989
117,Juan,Calvo,Juan@email.com,989898989
118,Juan,Calvo,Juan@email.com,989898989
119,Carlos,Morales,Carlos@email.com,989898989
120,Lesly,Agreda,Lesly@email.com,989898989
121,Lesly,Agreda,Lesly@email.com,989898989
122,Jaime,Rios,Lesly@email.com,989898989
123,Jaime,Rios,Jaime@email.com,989898989
124,Juan,Calvo,Juan@email.com,989898989
125,Juan,Calvo,Juan@email.com,989898989
126,Carlos,Morales,Carlos@email.com,989898989
127,Lesly,Agreda,Lesly@email.com,989898989
128,Lesly,Agreda,Lesly@email.com,989898989
129,Jaime,Rios,Lesly@email.com,989898989
130,Jaime,Rios,Jaime@email.com,989898989
131,Juan,Calvo,Juan@email.com,989898989
132,Juan,Calvo,Juan@email.com,989898989
133,Carlos,Morales,Carlos@email.com,989898989
134,Lesly,Agreda,Lesly@email.com,989898989
135,Lesly,Agreda,Lesly@email.com,989898989
136,Jaime,Rios,Lesly@email.com,989898989
137,Jaime,Rios,Jaime@email.com,989898989
138,Juan,Calvo,Juan@email.com,989898989
139,Juan,Calvo,Juan@email.com,989898989
140,Carlos,Morales,Carlos@email.com,989898989
141,Lesly,Agreda,Lesly@email.com,989898989
142,Lesly,Agreda,Lesly@email.com,989898989
143,Jaime,Rios,Lesly@email.com,989898989
144,Jaime,Rios,Jaime@email.com,989898989
145,Juan,Calvo,Juan@email.com,989898989
146,Juan,Calvo,Juan@email.com,989898989
147,Carlos,Morales,Carlos@email.com,989898989
148,Lesly,Agreda,Lesly@email.com,989898989
149,Lesly,Agreda,Lesly@email.com,989898989
150,Jaime,Rios,Lesly@email.com,989898989
151,Jaime,Rios,Jaime@email.com,989898989
152,Juan,Calvo,Juan@email.com,989898989
153,Juan,Calvo,Juan@email.com,989898989
154,Carlos,Morales,Carlos@email.com,989898989
155,Lesly,Agreda,Lesly@email.com,989898989
156,Lesly,Agreda,Lesly@email.com,989898989
157,Jaime,Rios,Lesly@email.com,989898989
158,Jaime,Rios,Jaime@email.com,989898989
159,Juan,Calvo,Juan@email.com,989898989
160,Juan,Calvo,Juan@email.com,989898989
161,Carlos,Morales,Carlos@email.com,989898989
162,Lesly,Agreda,Lesly@email.com,989898989
163,Lesly,Agreda,Lesly@email.com,989898989
164,Jaime,Rios,Lesly@email.com,989898989
165,Jaime,Rios,Jaime@email.com,989898989
166,Juan,Calvo,Juan@email.com,989898989
167,Juan,Calvo,Juan@email.com,989898989
168,Carlos,Morales,Carlos@email.com,989898989
169,Lesly,Agreda,Lesly@email.com,989898989
170,Lesly,Agreda,Lesly@email.com,989898989
171,Jaime,Rios,Lesly@email.com,989898989
172,Jaime,Rios,Jaime@email.com,989898989
173,Juan,Calvo,Juan@email.com,989898989
174,Juan,Calvo,Juan@email.com,989898989
175,Carlos,Morales,Carlos@email.com,989898989
176,Lesly,Agreda,Lesly@email.com,989898989
177,Lesly,Agreda,Lesly@email.com,989898989
178,Jaime,Rios,Lesly@email.com,989898989
179,Jaime,Rios,Jaime@email.com,989898989
180,Juan,Calvo,Juan@email.com,989898989
181,Juan,Calvo,Juan@email.com,989898989
182,Carlos,Morales,Carlos@email.com,989898989
183,Lesly,Agreda,Lesly@email.com,989898989
184,Lesly,Agreda,Lesly@email.com,989898989
185,Jaime,Rios,Lesly@email.com,989898989
186,Jaime,Rios,Jaime@email.com,989898989
187,Juan,Calvo,Juan@email.com,989898989
188,Juan,Calvo,Juan@email.com,989898989
189,Carlos,Morales,Carlos@email.com,989898989
190,Lesly,Agreda,Lesly@email.com,989898989
191,Lesly,Agreda,Lesly@email.com,989898989
192,Jaime,Rios,Lesly@email.com,989898989
193,Jaime,Rios,Jaime@email.com,989898989
194,Juan,Calvo,Juan@email.com,989898989
195,Juan,Calvo,Juan@email.com,989898989
196,Carlos,Morales,Carlos@email.com,989898989
197,Lesly,Agreda,Lesly@email.com,989898989
198,Lesly,Agreda,Lesly@email.com,989898989
199,Jaime,Rios,Lesly@email.com,989898989
200,Jaime,Rios,Jaime@email.com,989898989
201,Juan,Calvo,Juan@email.com,989898989
202,Juan,Calvo,Juan@email.com,989898989
203,Carlos,Morales,Carlos@email.com,989898989
204,Lesly,Agreda,Lesly@email.com,989898989
205,Lesly,Agreda,Lesly@email.com,989898989
206,Jaime,Rios,Lesly@email.com,989898989